page,index,xref,file,width,height,ext,bytes
1,1,4,page_01_img_01_xref4.jpeg,2680,500,jpeg,196975
1,2,5,page_01_img_02_xref5.jpeg,2680,500,jpeg,265101
1,3,6,page_01_img_03_xref6.jpeg,2680,500,jpeg,224704
1,4,7,page_01_img_04_xref7.jpeg,2680,355,jpeg,87489
2,1,11,page_02_img_01_xref11.jpeg,2681,500,jpeg,144439
2,2,12,page_02_img_02_xref12.jpeg,2681,500,jpeg,188513
2,3,13,page_02_img_03_xref13.jpeg,2681,500,jpeg,190193
2,4,14,page_02_img_04_xref14.jpeg,2681,354,jpeg,137869
3,1,18,page_03_img_01_xref18.jpeg,2681,500,jpeg,129937
3,2,19,page_03_img_02_xref19.jpeg,2681,500,jpeg,142314
3,3,20,page_03_img_03_xref20.jpeg,2681,500,jpeg,67639
3,4,21,page_03_img_04_xref21.jpeg,2681,355,jpeg,24904
4,1,25,page_04_img_01_xref25.jpeg,2680,500,jpeg,125353
4,2,26,page_04_img_02_xref26.jpeg,2680,500,jpeg,167011
4,3,27,page_04_img_03_xref27.jpeg,2680,500,jpeg,143870
4,4,28,page_04_img_04_xref28.jpeg,2680,354,jpeg,71556
5,1,32,page_05_img_01_xref32.jpeg,2680,500,jpeg,163756
5,2,33,page_05_img_02_xref33.jpeg,2680,500,jpeg,180224
5,3,34,page_05_img_03_xref34.jpeg,2680,500,jpeg,174387
5,4,35,page_05_img_04_xref35.jpeg,2680,346,jpeg,51057
6,1,39,page_06_img_01_xref39.jpeg,2684,500,jpeg,120268
6,2,40,page_06_img_02_xref40.jpeg,2684,500,jpeg,203340
6,3,41,page_06_img_03_xref41.jpeg,2684,500,jpeg,139877
6,4,42,page_06_img_04_xref42.jpeg,2684,354,jpeg,88230
7,1,46,page_07_img_01_xref46.jpeg,2684,500,jpeg,157740
7,2,47,page_07_img_02_xref47.jpeg,2684,500,jpeg,136781
7,3,48,page_07_img_03_xref48.jpeg,2684,500,jpeg,76591
7,4,49,page_07_img_04_xref49.jpeg,2684,354,jpeg,34675
8,1,53,page_08_img_01_xref53.jpeg,2680,500,jpeg,114167
8,2,54,page_08_img_02_xref54.jpeg,2680,500,jpeg,251943
8,3,55,page_08_img_03_xref55.jpeg,2680,500,jpeg,224108
8,4,56,page_08_img_04_xref56.jpeg,2680,351,jpeg,88565
9,1,60,page_09_img_01_xref60.jpeg,2680,500,jpeg,140692
9,2,61,page_09_img_02_xref61.jpeg,2680,500,jpeg,135766
9,3,62,page_09_img_03_xref62.jpeg,2680,500,jpeg,204355
9,4,63,page_09_img_04_xref63.jpeg,2680,351,jpeg,57522
10,1,67,page_10_img_01_xref67.jpeg,2684,500,jpeg,151411
10,2,68,page_10_img_02_xref68.jpeg,2684,500,jpeg,205163
10,3,69,page_10_img_03_xref69.jpeg,2684,500,jpeg,167352
10,4,70,page_10_img_04_xref70.jpeg,2684,354,jpeg,88411
11,1,74,page_11_img_01_xref74.jpeg,2684,500,jpeg,175170
11,2,75,page_11_img_02_xref75.jpeg,2684,500,jpeg,220594
11,3,76,page_11_img_03_xref76.jpeg,2684,500,jpeg,173642
11,4,77,page_11_img_04_xref77.jpeg,2684,354,jpeg,53671
12,1,81,page_12_img_01_xref81.jpeg,2680,500,jpeg,133442
12,2,82,page_12_img_02_xref82.jpeg,2680,500,jpeg,145603
12,3,83,page_12_img_03_xref83.jpeg,2680,500,jpeg,121029
12,4,84,page_12_img_04_xref84.jpeg,2680,351,jpeg,62821
13,1,88,page_13_img_01_xref88.jpeg,2680,500,jpeg,175479
13,2,89,page_13_img_02_xref89.jpeg,2680,500,jpeg,216405
13,3,90,page_13_img_03_xref90.jpeg,2680,500,jpeg,165681
13,4,91,page_13_img_04_xref91.jpeg,2680,354,jpeg,48959
14,1,95,page_14_img_01_xref95.jpeg,2681,500,jpeg,126657
14,2,96,page_14_img_02_xref96.jpeg,2681,500,jpeg,146846
14,3,97,page_14_img_03_xref97.jpeg,2681,500,jpeg,121213
14,4,98,page_14_img_04_xref98.jpeg,2681,353,jpeg,55714
15,1,102,page_15_img_01_xref102.jpeg,2681,500,jpeg,198737
15,2,103,page_15_img_02_xref103.jpeg,2681,500,jpeg,237842
15,3,104,page_15_img_03_xref104.jpeg,2681,500,jpeg,143083
15,4,105,page_15_img_04_xref105.jpeg,2681,345,jpeg,42602
16,1,109,page_16_img_01_xref109.jpeg,2681,500,jpeg,96050
16,2,110,page_16_img_02_xref110.jpeg,2681,500,jpeg,162420
16,3,111,page_16_img_03_xref111.jpeg,2681,500,jpeg,111239
16,4,112,page_16_img_04_xref112.jpeg,2681,354,jpeg,42231
17,1,116,page_17_img_01_xref116.jpeg,2681,500,jpeg,133070
17,2,117,page_17_img_02_xref117.jpeg,2681,500,jpeg,153255
17,3,118,page_17_img_03_xref118.jpeg,2681,500,jpeg,129405
17,4,119,page_17_img_04_xref119.jpeg,2681,355,jpeg,48316
18,1,123,page_18_img_01_xref123.jpeg,2681,500,jpeg,129799
18,2,124,page_18_img_02_xref124.jpeg,2681,500,jpeg,181143
18,3,125,page_18_img_03_xref125.jpeg,2681,500,jpeg,168363
18,4,126,page_18_img_04_xref126.jpeg,2681,354,jpeg,89099
19,1,130,page_19_img_01_xref130.jpeg,2681,500,jpeg,148005
19,2,131,page_19_img_02_xref131.jpeg,2681,500,jpeg,187033
19,3,132,page_19_img_03_xref132.jpeg,2681,500,jpeg,146628
19,4,133,page_19_img_04_xref133.jpeg,2681,345,jpeg,45680
20,1,137,page_20_img_01_xref137.jpeg,2681,500,jpeg,142516
20,2,138,page_20_img_02_xref138.jpeg,2681,500,jpeg,237714
20,3,139,page_20_img_03_xref139.jpeg,2681,500,jpeg,200751
20,4,140,page_20_img_04_xref140.jpeg,2681,353,jpeg,77314
21,1,144,page_21_img_01_xref144.jpeg,2681,500,jpeg,190280
21,2,145,page_21_img_02_xref145.jpeg,2681,500,jpeg,241901
21,3,146,page_21_img_03_xref146.jpeg,2681,500,jpeg,167823
21,4,147,page_21_img_04_xref147.jpeg,2681,354,jpeg,38766
22,1,151,page_22_img_01_xref151.jpeg,2681,500,jpeg,121459
22,2,152,page_22_img_02_xref152.jpeg,2681,500,jpeg,129978
22,3,153,page_22_img_03_xref153.jpeg,2681,500,jpeg,103362
22,4,154,page_22_img_04_xref154.jpeg,2681,356,jpeg,33178
23,1,158,page_23_img_01_xref158.jpeg,2681,500,jpeg,130306
23,2,159,page_23_img_02_xref159.jpeg,2681,500,jpeg,87505
23,3,160,page_23_img_03_xref160.jpeg,2681,500,jpeg,168360
23,4,161,page_23_img_04_xref161.jpeg,2681,353,jpeg,38527
24,1,165,page_24_img_01_xref165.jpeg,2681,500,jpeg,105230
24,2,166,page_24_img_02_xref166.jpeg,2681,500,jpeg,74456
24,3,167,page_24_img_03_xref167.jpeg,2681,500,jpeg,127390
24,4,168,page_24_img_04_xref168.jpeg,2681,360,jpeg,66236
25,1,172,page_25_img_01_xref172.jpeg,2681,500,jpeg,72442
25,2,173,page_25_img_02_xref173.jpeg,2681,500,jpeg,84273
25,3,174,page_25_img_03_xref174.jpeg,2681,500,jpeg,83136
25,4,175,page_25_img_04_xref175.jpeg,2681,356,jpeg,36246
26,1,179,page_26_img_01_xref179.jpeg,2681,500,jpeg,122246
26,2,180,page_26_img_02_xref180.jpeg,2681,500,jpeg,190149
26,3,181,page_26_img_03_xref181.jpeg,2681,500,jpeg,196205
26,4,182,page_26_img_04_xref182.jpeg,2681,354,jpeg,72893
27,1,186,page_27_img_01_xref186.jpeg,2681,500,jpeg,270058
27,2,187,page_27_img_02_xref187.jpeg,2681,500,jpeg,359320
27,3,188,page_27_img_03_xref188.jpeg,2681,500,jpeg,321909
27,4,189,page_27_img_04_xref189.jpeg,2681,357,jpeg,68575
28,1,193,page_28_img_01_xref193.jpeg,2681,500,jpeg,104270
28,2,194,page_28_img_02_xref194.jpeg,2681,500,jpeg,146875
28,3,195,page_28_img_03_xref195.jpeg,2681,500,jpeg,132697
28,4,196,page_28_img_04_xref196.jpeg,2681,364,jpeg,89912
29,1,200,page_29_img_01_xref200.jpeg,2681,500,jpeg,181527
29,2,201,page_29_img_02_xref201.jpeg,2681,500,jpeg,208974
29,3,202,page_29_img_03_xref202.jpeg,2681,500,jpeg,199159
29,4,203,page_29_img_04_xref203.jpeg,2681,355,jpeg,82177
30,1,207,page_30_img_01_xref207.jpeg,2681,500,jpeg,95760
30,2,208,page_30_img_02_xref208.jpeg,2681,500,jpeg,107567
30,3,209,page_30_img_03_xref209.jpeg,2681,500,jpeg,71256
30,4,210,page_30_img_04_xref210.jpeg,2681,359,jpeg,48022
31,1,214,page_31_img_01_xref214.jpeg,2681,500,jpeg,94210
31,2,215,page_31_img_02_xref215.jpeg,2681,500,jpeg,89152
31,3,216,page_31_img_03_xref216.jpeg,2681,500,jpeg,201575
31,4,217,page_31_img_04_xref217.jpeg,2681,348,jpeg,75118
32,1,221,page_32_img_01_xref221.jpeg,2680,500,jpeg,62331
32,2,222,page_32_img_02_xref222.jpeg,2680,500,jpeg,61803
32,3,223,page_32_img_03_xref223.jpeg,2680,500,jpeg,71816
32,4,224,page_32_img_04_xref224.jpeg,2680,355,jpeg,84388
